@SRR396636.sra.1909239,"CGGAAAGCTGCTCGGCGCTTTCCTTGCGCTCCGAATAGCGGTCCACCAGGAAGTCCGTGCGCTCGCGCAGGAGCAGGGTGAACTTGAACAACTCCTCCAT
"
@SRR396636.sra.1909240,"ATGCGATTATCTACTCATCGCCTCACCCGTTTGGCGTCGTTAGCTGTTGGCTGGCTGCTCGCCTGCTAGGTGCGAAATTTGTATTTGAGGTGCGCGATAT
"
@SRR396636.sra.1909241,"AAGGTCTACAGCGAGGACGGCAAGCTCAACCGTGTGCCATCCTTCGCCTCGACCACCATGACGCTGCGCGTACATCCCACGCCCAGCTACCGAGTCTTGC
"
@SRR396636.sra.1909242,"GATCGATCCGCCGCTCGCCCAGCATCTCGCCAATGCGTTCGGCGCAATCGTGTTGGTTGAGGTCGCCGGTCACCGCTTGCAAGCGCCCCCCGGCCCGCAC
"
@SRR396636.sra.1909243,"ATCGAATCGGTCGCCTGCGCCAGTGAGGGACAACGGATGTTCGCAGCAGCCAACCAGACCCAAGTAGTCCTTGCGCACCGGGATGCGCACCAGGTCGTGG
"
@SRR396636.sra.1909244,"TCGCCGGCGACCTCGACCAGGTATTCCTGCTCCAGCCGTGCACCGTCGTCCACCAGCTTGCGCAGTACGCCGCGCTGCTGGCTGAACACCACCAGCCCCG
"
@SRR396636.sra.1909245,"CGAGGGCGGCAAGCTCCATGCCGGCGGCGAGACGCAACTGGGCGTGCAGCAGGTCGACCCCGGTGACTTCCTCGGTGACGGTGTGCTCCACCTGGATGCG
"
@SRR396636.sra.1909246,"GCAGTGTCCGGCCCGCTGGCGCAGGACTTCGCCGGGCGCCTGGCGGTGGACTGCCGCCCCGAGTAGTAGTCGATGCGGAAGGAACTGGGGCCCAGAGCGT
"
@SRR396636.sra.1909247,"TCGCCCTTGAGAAGCGCTGCCCGCTGATCTGCTTCTCCGCCTCCGGCGGCGCGCGCATGCAGGAAGCGCTGATCTCGCTGATGCAGATGGCCCAGCCCTC
"
@SRR396636.sra.1909248,"TTATTGGTCTTATAAATATCACTTAAGAAGCTAATCAGCTCTACGGGTACCTCGTACTCACCCAATATCAACGCGGTTCTTATATCCATATCCGCGCTCA
"
@SRR396636.sra.1909249,"TGCAGCCGCCCGAGGTCGTCCGGCAGGCTGTCCAGGGCGTTGCCGCTGAGGTTGAGCACCTCCAGGGAGCCGGCCAGCTCGACGATTTCCCGGGGGAACC
"
@SRR396636.sra.1909250,"GAGCTTGCGGTACGCGGCGATCAGGAAGGCCAGCGAGACCAGCAGCGCGCCGCCCCAGACCAATGCGTTGTGTAGCCCGTCGTAGGCGACCCACTGGCTC
"
@SRR396636.sra.1909251,"GTTGCAAGGTGCGCTGCGACAGGTGCAGCGCCTGGGCCACCCGTTCGCGCTTGGGTTCTCCCTGCGGCAGCAGCCGGCACAAGGTCTGCCGGGTCAGATG
"
@SRR396636.sra.1909252,"TTCCGTCACGTTCCTTGTGCAACGACGTGCCCGCGATGAGCTTCAGGCCGCATGGAAGCGGCCCGGAGTGCAATAGAGCCGCGTCGCGGCGAAATGTTCA
"
@SRR396636.sra.1909253,"CCGGCGGCCGGAGCCGACGTGATCGAACTGGGCATGCCGTTCACCGATCCGATGGCGGACGGCCCGGCCATCCCGGTGGCCAACACACGCGCCGCGCGCG
"
@SRR396636.sra.1909254,"TATCTGCGTGGCGCACGTCAGTTTTCCAGCACTGCATTTCGTNAGTTAAATGACGAAAATCTGAGAAGCAATTCACATTGCGCCTCGTGTGCCAAAAAAA
"
@SRR396636.sra.1909255,"GGTAGCGGAACGTTCGGTAGCCATTGCCAACAAGGGCAACGANGTGGTGCACAACACCATCACCGGCATGGACAACATCCGCGAGCAGACCCACGACACC
"
@SRR396636.sra.1909256,"GCCTTGTGTAGCCCGTCGTAGGCGACCCACTGGCTCATCCAGNCNNAAAGNGTNTCGGCGAAATAACCGCCGGCGAGGAAGCCNCAGGGCAGCGCGCCGG
"
@SRR396636.sra.1909257,"CGGCGTGGCTGTCGAGGAAGCGTTGCAGGACGGCGCGCAGCCNTAAAAACNACNAAGCCGGAGCTGCTTCCGGTCATAAGGAAAACGTCCATGCGTAGCT
"
@SRR396636.sra.1909258,"CAGGGCGCTCAACTGCTCGGTGACGGTCATGGAACGCTCTCGNCGCAATGNAANAGGGCCGGTTGTGCAACCGGCCCCGTATTTCACGACAGTCCCATGA
"
@SRR396636.sra.1909259,"AGCGAGCGGTCGGTGATCAGCTCGATGGAACACGTCGTCGTGNCNNAANCNGGNGTTGATCCCGGCGCCGAGCAGTTCCTTGANCCGGGTGATGCCGCGG
"
@SRR396636.sra.1909260,"CGAATGCGTGGCCTGCGGCTACGCCGACACGCTCAACGCCCANGNNCAGCNGANCCCGAAGGAGCTGGGTACGCGGGTCAACCAGCACGAGCCGCACCCG
"
@SRR396636.sra.1909261,"CGAAGCACAGCAACAGCGCCAGCTCGAGCCGGCACGGCATCCNCATATCGACCTCCCCGACCGCCCGGCCGGGCCACCCCGGGACGAAGGCGCTCGTCCC
"
@SRR396636.sra.1909262,"GATCACGTCCAGCAGCCAGATGAAGCGGCCCGCCCAGCCGCCNNNNTCNTNGTNGTAGACCACGTAGGTCGCCTCCGGGCGGGNGCCCAGCTCGCCTAAC
"
@SRR396636.sra.1909263,"GCCGGCGTGGCGGTAGTGATCGAGGCCCAGCACATGTGCATGNNNNTGNGNGGNGTGGAGAGATCGCCNCGGCGTCGTGTGCANCGTGCTTGTCACCCTT
"
